1,Emily,Davis,High,Female,2016/04/08
2,Theodore,Dinh,Low,Male,1997/11/29
3,Luna,Sanders,High,Female,2006/10/26
4,Penelope,Jordan,High,Female,2019/09/27
5,Austin,Vo,High,Male,1995/11/20
6,Joshua,Gupta,Low,Male,2017/01/24
7,Ruby,Barnes,High,Female,2020/07/01
8,Luke,Martin,High,Male,2020/05/16
9,Easton,Bailey,High,Male,2019/01/25
10,Madeline,Walker,High,Female,2018/06/13
11,Savannah,Ali,High,Female,2009/02/11
12,Camila,Rogers,High,Female,2021/10/21
13,Eli,Jones,High,Male,1999/03/14
14,Everleigh,Ng,Low,Female,2021/06/10
15,Robert,Yang,High,Male,2017/11/04
16,Isabella,Xi,High,Female,2013/03/13
17,Bella,Powell,High,Female,2002/03/04
18,Camila,Silva,High,Female,2003/12/01
19,David,Barnes,High,Male,2013/11/03
20,Adam,Dang,Low,Male,2002/07/09
21,Elias,Alvarado,Low,Male,2012/01/09
22,Eva,Rivera,High,Female,2021/04/02
23,Logan,Rivera,Low,Male,2002/05/24
24,Leonardo,Dixon,High,Male,2019/09/05
25,Mateo,Her,Low,Male,2014/03/02
26,Jose,Henderson,High,Male,2015/04/17
27,Abigail,Mejia,Low,Female,2005/02/05
28,Wyatt,Chin,High,Male,2004/06/07
29,Carson,Lu,Low,Male,1996/12/04
30,Dylan,Choi,Low,Male,2012/05/11
31,Ezekiel,Kumar,High,Male,2017/06/25
32,Dominic,Guzman,Low,Male,2004/05/16
33,Angel,Powell,High,Male,2008/07/11
34,Mateo,Vu,Low,Male,2016/09/29
35,Caroline,Jenkins,High,Female,2018/05/06
36,Nora,Brown,High,Female,2014/02/11
37,Adeline,Huang,Low,Female,2019/12/16
38,Jackson,Perry,High,Male,2019/10/20
39,Riley,Padilla,High,Female,2013/05/15
40,Leah,Pena,Low,Female,1994/01/03
41,Owen,Lam,Low,Male,2017/05/29
42,Kennedy,Foster,High,Female,2013/11/23
43,John,Moore,High,Male,2005/11/08
44,William,Vu,Low,Male,2013/11/14
45,Sadie,Washington,High,Female,2019/05/24
46,Gabriel,Holmes,High,Male,2010/11/04
47,Wyatt,Rojas,High,Male,2013/03/20
48,Eva,Coleman,High,Female,2009/09/20
49,Dominic,Clark,High,Male,2012/10/17
50,Lucy,Alexander,High,Female,2014/10/29
51,Everleigh,Washington,High,Female,2001/10/20
52,Leilani,Butler,High,Female,2021/09/21
53,Peyton,Huang,Low,Female,2021/07/02
54,John,Contreras,High,Male,2011/05/15
55,Rylee,Yu,High,Female,2015/09/29
56,Piper,Lewis,High,Female,2018/12/22
57,Stella,Alexander,High,Female,2005/12/10
58,Addison,Do,High,Female,2001/05/30
59,Zoey,Jackson,High,Female,2008/08/21
60,John,Chow,Low,Male,2021/03/11
61,Ava,Ayala,Low,Female,2006/08/16
62,Natalia,Salazar,Low,Female,2019/01/02
63,Skylar,Carrillo,High,Female,2008/12/18
64,Christian,Sanders,High,Male,2013/08/07
65,Penelope,Coleman,High,Female,2021/08/27
66,Piper,Richardson,High,Female,2008/01/27
67,Everly,Walker,High,Female,2009/10/23
68,Aurora,Ali,High,Female,2016/04/24
69,Penelope,Guerrero,High,Female,2009/08/04
70,Anna,Mehta,High,Female,2020/01/05
71,William,Foster,High,Male,2002/05/23
72,Jade,Rojas,High,Female,2019/01/28
73,Isla,Espinoza,Low,Female,2021/11/16
74,David,Chu,High,Male,1998/09/03
75,Thomas,Padilla,Low,Male,2003/07/26
76,Miles,Salazar,Low,Male,2010/12/23
77,Mila,Hong,Low,Female,2017/05/22
78,Benjamin,Moua,Low,Male,2007/07/02
79,Samuel,Morales,High,Male,2015/06/27
80,John,Soto,High,Male,2015/09/23
81,Joseph,Martin,High,Male,2016/09/13
82,Jose,Ross,High,Male,1992/04/08
83,Parker,James,High,Male,2005/02/05
84,Everleigh,Fernandez,Low,Female,2016/05/22
85,Lincoln,Hall,High,Male,2020/07/28
86,Willow,Mai,Low,Female,2003/12/17
87,Jack,Cheng,Low,Male,2014/01/16
88,Genesis,Navarro,Low,Female,2009/04/28
89,Eliza,Hernandez,Low,Female,2019/07/04
90,Gabriel,Brooks,High,Male,2018/12/10
91,Jack,Huynh,Low,Male,2018/09/25
92,Everly,Chow,Low,Female,2018/04/21
93,Amelia,Salazar,Low,Female,2019/04/23
94,Xavier,Zheng,High,Male,2017/07/22
95,Matthew,Chau,High,Male,2002/11/16
96,Mia,Cheng,High,Female,2015/04/22
97,Rylee,Yu,Low,Female,2011/07/10
98,Zoe,Romero,Low,Female,2021/10/05
99,Nolan,Bui,Low,Male,2020/05/26
100,Nevaeh,Jones,High,Female,2020/08/20
